{
  "train_loss": [
    1.0448622927466675,
    0.5136881129250433,
    0.4731435582015273,
    0.4481122749948586,
    0.43194399474992634,
    0.4149310313575433,
    0.3999868343397313,
    0.3924713080772075,
    0.3842645981489659,
    0.3795845410645961,
    0.37598799600482624,
    0.3730006647258203,
    0.371099521275312,
    0.368546143888792,
    0.36647903686306615,
    0.3655540659944287,
    0.36362505493748465,
    0.3619270380288627,
    0.36073794680420923,
    0.36089842664623767,
    0.35889808936822054,
    0.35803370032174975,
    0.356958385523852,
    0.3565730706624832,
    0.3559703447361399,
    0.35536616458350767,
    0.3542689119943717,
    0.35384345054626465,
    0.3538249176835929,
    0.3528167352371487,
    0.3529393050429241,
    0.35229694377465526,
    0.35219813028406716,
    0.3518986062512305,
    0.3515472340647323,
    0.3515089106072753,
    0.351303468006754,
    0.35124456988346514,
    0.3508399735547298,
    0.35072525975759244,
    0.35069729485689644,
    0.35058582924822507,
    0.35044224705831617,
    0.35024826543581,
    0.350304344248814,
    0.35016657118263717,
    0.3502346960625894,
    0.35010651383899666,
    0.350077947810107,
    0.3501152188697463
  ],
  "train_acc": [
    0.562212962962963,
    0.9183240740740741,
    0.9393981481481481,
    0.9522592592592592,
    0.960212962962963,
    0.968462962962963,
    0.976287037037037,
    0.9796111111111111,
    0.9836203703703704,
    0.9863796296296297,
    0.9877962962962963,
    0.9892222222222222,
    0.9900833333333333,
    0.9913888888888889,
    0.9924814814814815,
    0.992712962962963,
    0.9938981481481481,
    0.9944074074074074,
    0.9948703703703704,
    0.9948611111111111,
    0.9957685185185186,
    0.9961666666666666,
    0.9966666666666667,
    0.9967407407407407,
    0.9969444444444444,
    0.9972962962962963,
    0.9977222222222222,
    0.9978888888888889,
    0.9978796296296296,
    0.9984814814814815,
    0.9983240740740741,
    0.9985740740740741,
    0.9985833333333334,
    0.9987407407407407,
    0.9989351851851852,
    0.9988518518518519,
    0.9989074074074074,
    0.9990370370370371,
    0.9991851851851852,
    0.9992222222222222,
    0.9991481481481481,
    0.9992592592592593,
    0.9993240740740741,
    0.9993981481481482,
    0.9993518518518518,
    0.999462962962963,
    0.9993240740740741,
    0.9994722222222222,
    0.9994907407407407,
    0.9995277777777778
  ],
  "val_loss": [
    0.5721393161349826,
    0.5229263996321057,
    0.5338233468078432,
    0.5496239165465037,
    0.5701788214464036,
    0.5821753499053773,
    0.584811951905962,
    0.605222381296612,
    0.6029605160629938,
    0.622689700315869,
    0.6127310925059848,
    0.6292536665522863,
    0.6171160037555392,
    0.6208845130980961,
    0.6328302915134127,
    0.6453647925740197,
    0.6385830602948628,
    0.6665885401150536,
    0.6492522699492318,
    0.6560740082982986,
    0.6382581099631295,
    0.6434160215514046,
    0.6500732047217233,
    0.6502524179125589,
    0.659712276761494,
    0.6560839357830229,
    0.6792483528455099,
    0.6529778961151366,
    0.6659379743394398,
    0.6742818365021358,
    0.6492604102407183,
    0.6535108108369131,
    0.6695124506950378,
    0.6583453700655982,
    0.6668113782292321,
    0.6594118428608727,
    0.657820981646341,
    0.6596872456490047,
    0.6676871123768034,
    0.664034472571479,
    0.6695517878683787,
    0.6686348479891581,
    0.6642047639877077,
    0.6692460236095247,
    0.6695479457340543,
    0.6696281556099181,
    0.6684434565286788,
    0.6686918678737822,
    0.668245534102122,
    0.6683433860067337
  ],
  "val_acc": [
    0.8995,
    0.9201666666666667,
    0.9175,
    0.9065,
    0.9088333333333334,
    0.9128333333333334,
    0.9089166666666667,
    0.9035,
    0.9046666666666666,
    0.9020833333333333,
    0.90525,
    0.8975833333333333,
    0.90175,
    0.90075,
    0.9035,
    0.899,
    0.8985833333333333,
    0.8948333333333334,
    0.9004166666666666,
    0.8990833333333333,
    0.9015833333333333,
    0.90075,
    0.8984166666666666,
    0.901,
    0.898,
    0.8996666666666666,
    0.894,
    0.9009166666666667,
    0.8978333333333334,
    0.8956666666666667,
    0.9026666666666666,
    0.9008333333333334,
    0.8975833333333333,
    0.9016666666666666,
    0.8985833333333333,
    0.8999166666666667,
    0.9015,
    0.901,
    0.8986666666666666,
    0.8995,
    0.8980833333333333,
    0.899,
    0.9001666666666667,
    0.89875,
    0.8984166666666666,
    0.8986666666666666,
    0.89925,
    0.8995833333333333,
    0.8996666666666666,
    0.8995833333333333
  ],
  "val_f1": [
    0.8990939512494069,
    0.9198827178324493,
    0.9171749709059751,
    0.9063231801174269,
    0.9079421165419603,
    0.9121393332579706,
    0.9082395682430218,
    0.903025669719272,
    0.9037859563203775,
    0.9007949673432667,
    0.9046696181142904,
    0.8967892732644434,
    0.9012206050581457,
    0.9001927659555886,
    0.9027696137004448,
    0.8983869829758113,
    0.8977871155757572,
    0.8938986810112078,
    0.8995301970253877,
    0.8982286873224965,
    0.9010140093587069,
    0.8997647920740213,
    0.8977536549482986,
    0.9000396044785595,
    0.8971952100006085,
    0.8990161031729627,
    0.8924123694215076,
    0.9000929212366178,
    0.8968892074275547,
    0.8946706249268489,
    0.9019362335894957,
    0.8998133366719816,
    0.8963717582653619,
    0.90065726266314,
    0.897674696772108,
    0.8990150185749118,
    0.9007787970372332,
    0.9004191605337446,
    0.8979412839442318,
    0.8987568995106121,
    0.8972846332387024,
    0.8980091893428146,
    0.8994257120303089,
    0.8979447451658615,
    0.897542078332511,
    0.8978848856972956,
    0.8985060821627242,
    0.8988654678836336,
    0.8989415573574011,
    0.8988572927961375
  ],
  "learning_rate": [
    0.00013173484877468497,
    0.00037187571809993035,
    0.000668633914925016,
    0.0009085799879649529,
    0.0009999999961558866,
    0.0009987777012105139,
    0.0009951254211856017,
    0.0009890609496223054,
    0.0009806138320164832,
    0.0009698252218760089,
    0.0009567476802250197,
    0.0009414449195318896,
    0.0009239914933084873,
    0.0009044724328929608,
    0.0008829828331856056,
    0.0008596273893560687,
    0.0008345198867790068,
    0.0008077826466831782,
    0.0007795459302147114,
    0.0007499473038178961,
    0.0007191309690252943,
    0.000687247059922368,
    0.0006544509117093077,
    0.0006209023039235496,
    0.0005867646820099324,
    0.000552204361030917,
    0.0005173897153963219,
    0.000482490358560123,
    0.0004476763166807552,
    0.00041311720027075935,
    0.00037898137787141485,
    0.0003454351557781304,
    0.0003126419678128902,
    0.00028076157909110084,
    0.0002499493076620096,
    0.00022035526781478054,
    0.00019212363873676648,
    0.0001653919620870022,
    0.00014029047190706662,
    0.00011694146013392367,
    9.54586808058972e-05,
    7.594679586443221e-05,
    5.8500865251635754e-05,
    4.3205883787794335e-05,
    3.013636708515377e-05,
    1.9355988515346076e-05,
    1.0917268999123499e-05,
    4.861321129711927e-06,
    1.2176488763894254e-06,
    4.003844113472059e-09
  ]
}