{
  "train_loss": [
    1.0353872707745533,
    0.5157121279099907,
    0.4748262428475104,
    0.45014868404047953,
    0.43024914387487817,
    0.41155920247836814,
    0.3995192630570481,
    0.3894693968456973,
    0.38520928343913485,
    0.3812358742497107,
    0.37694117876818506,
    0.37323222178337206
  ],
  "train_acc": [
    0.5698703703703704,
    0.9173796296296296,
    0.9381759259259259,
    0.9515092592592592,
    0.9610462962962963,
    0.9704814814814815,
    0.9763796296296297,
    0.9813518518518518,
    0.983537037037037,
    0.9858055555555556,
    0.9874444444444445,
    0.9891203703703704
  ],
  "val_loss": [
    0.5832839532504006,
    0.5214359746092841,
    0.5432179612772805,
    0.5531855003228263,
    0.5869876799129304,
    0.5820981117468031,
    0.5780285156908489,
    0.6017922664445544,
    0.6316934970636217,
    0.617442044000777,
    0.6267235808902316,
    0.6257244646549225
  ],
  "val_acc": [
    0.89875,
    0.92225,
    0.9151666666666667,
    0.9124166666666667,
    0.9056666666666666,
    0.9081666666666667,
    0.9065833333333333,
    0.90525,
    0.8996666666666666,
    0.8986666666666666,
    0.9,
    0.90225
  ],
  "val_f1": [
    0.8979497195425374,
    0.9216821119333344,
    0.9143570011004724,
    0.9119138910548819,
    0.9045210393921757,
    0.9075379181263641,
    0.9057908050356897,
    0.904601536503715,
    0.8990018858377435,
    0.897431763214439,
    0.8992205452041503,
    0.9018391451741268
  ],
  "learning_rate": [
    0.00013173484877468497,
    0.00037187571809993035,
    0.000668633914925016,
    0.0009085799879649529,
    0.0009999999961558866,
    0.0009987777012105139,
    0.0009951254211856017,
    0.0009890609496223054,
    0.0009806138320164832,
    0.0009698252218760089,
    0.0009567476802250197,
    0.0009414449195318896
  ]
}