{
  "train_loss": [
    1.1878255153633985,
    0.5376390131921582,
    0.47908372115707737,
    0.4510429062703575,
    0.43155133782440985,
    0.4141847164656299,
    0.4019778545012906,
    0.3938161234766721,
    0.3864723307413064,
    0.3822026850910424,
    0.3780251504790508,
    0.37451235571508934
  ],
  "train_acc": [
    0.4514166666666667,
    0.906787037037037,
    0.9362407407407407,
    0.950287037037037,
    0.9605925925925926,
    0.9691666666666666,
    0.9749907407407408,
    0.979212962962963,
    0.9829907407407408,
    0.9852314814814814,
    0.9870462962962963,
    0.9890648148148148
  ],
  "val_loss": [
    0.6323316787916516,
    0.5303084944921826,
    0.5301507493806263,
    0.5574755030018943,
    0.556078522924393,
    0.5769382459776742,
    0.5918165705506764,
    0.5918602399409764,
    0.6052768490617237,
    0.6137152224306076,
    0.6021378205882179,
    0.6169233946573167
  ],
  "val_acc": [
    0.87225,
    0.9201666666666667,
    0.9179166666666667,
    0.91075,
    0.9145833333333333,
    0.9116666666666666,
    0.9120833333333334,
    0.9079166666666667,
    0.91025,
    0.9069166666666667,
    0.90975,
    0.906
  ],
  "val_f1": [
    0.8722229440662721,
    0.9196108018447113,
    0.9172463704049738,
    0.9098677357947512,
    0.9140064091351875,
    0.9112912283049399,
    0.9114876525121915,
    0.9073085477884869,
    0.9096039387869166,
    0.9063635031775281,
    0.9093202377365315,
    0.9051642572283736
  ],
  "learning_rate": [
    0.00013173484877468497,
    0.00037187571809993035,
    0.000668633914925016,
    0.0009085799879649529,
    0.0009999999961558866,
    0.0009987777012105139,
    0.0009951254211856017,
    0.0009890609496223054,
    0.0009806138320164832,
    0.0009698252218760089,
    0.0009567476802250197,
    0.0009414449195318896
  ]
}