{
  "train_loss": [
    2.659357904593856,
    0.3237235010940694,
    0.2871496461689155,
    0.2705663117327021,
    0.26075961135102843,
    0.2526610499482807,
    0.24781652948890232,
    0.24459421338238893,
    0.2424922158435437,
    0.2440103797331373
  ],
  "train_acc": [
    0.4548888888888889,
    0.8872129629629629,
    0.8993240740740741,
    0.9045,
    0.9074537037037037,
    0.9108981481481482,
    0.9124166666666667,
    0.9133703703703704,
    0.9138148148148149,
    0.9142222222222223
  ],
  "val_loss": [
    0.3728400885112702,
    0.28435552522303564,
    0.26430457262765794,
    0.2545294879920899,
    0.2455394286957998,
    0.24200494279937138,
    0.23980712275656443,
    0.23571620313894182,
    0.2357734136638187,
    0.23569048964788045
  ],
  "val_acc": [
    0.8726666666666667,
    0.9006666666666666,
    0.9051666666666667,
    0.9080833333333334,
    0.9120833333333334,
    0.9144166666666667,
    0.9155,
    0.9166666666666666,
    0.9160833333333334,
    0.91625
  ],
  "val_f1": [
    0.8719701342488072,
    0.900074536397805,
    0.9046314465608254,
    0.9075698714123847,
    0.9116354238446032,
    0.9140147807455715,
    0.9150607281156108,
    0.9162258049628227,
    0.9156036717012235,
    0.915780193403313
  ],
  "learning_rate": [
    1.9999998077943324e-05,
    1.9394806262200332e-05,
    1.7656466983252803e-05,
    1.4994649613297214e-05,
    1.17304086113907e-05,
    8.257459617429584e-06,
    4.994691535353891e-06,
    2.3356423491903663e-06,
    6.010326341767789e-07,
    8.192205667829772e-11
  ]
}